<?xml version="1.0"?>
<doc>
    <assembly>
        <name>NUnitForms.ScreenCapture</name>
    </assembly>
    <members>
        <member name="T:NUnitForms.ScreenCapture.MainForm">
            <summary>
            Main form of screen capture application
            </summary>
        </member>
        <member name="F:NUnitForms.ScreenCapture.MainForm.capture">
            <summary>
            The class instance used to capture the screen
            </summary>
        </member>
        <member name="F:NUnitForms.ScreenCapture.MainForm.handlers">
            <summary>
            Helper to handle the file formats
            </summary>
        </member>
        <member name="F:NUnitForms.ScreenCapture.MainForm.pathName">
            <summary>
            The path of the executable, used to save the captured images.
            </summary>
        </member>
        <member name="M:NUnitForms.ScreenCapture.MainForm.#ctor">
            <summary>
            Do it....
            </summary>
        </member>
        <member name="F:NUnitForms.ScreenCapture.MainForm.components">
            <summary>
            Required designer variable.
            </summary>
        </member>
        <member name="M:NUnitForms.ScreenCapture.MainForm.Dispose(System.Boolean)">
            <summary>
            Clean up any resources being used.
            </summary>
            <param name="disposing">true if managed resources should be disposed; otherwise, false.</param>
        </member>
        <member name="M:NUnitForms.ScreenCapture.MainForm.InitializeComponent">
            <summary>
            Required method for Designer support - do not modify
            the contents of this method with the code editor.
            </summary>
        </member>
        <member name="T:ASFTBase.NativeMethods">
            <summary>
            Helper class which maps some WIN32 values
            </summary>
        </member>
        <member name="M:ASFTBase.NativeMethods.GetWindowRect(System.IntPtr,ASFTBase.NativeMethods.RECT@)">
            <summary>
            Get a windows rectangle in a RECT structure
            </summary>
            <param name="hwnd">The window handle to look up</param>
            <param name="rect">The rectangle</param>
            <returns></returns>
        </member>
        <member name="M:ASFTBase.NativeMethods.BringWindowToTop(System.IntPtr)">
            <summary>
            The BringWindowToTop function brings the specified window to the top of the Z order. 
            If the window is a top-level window, it is activated. 
            If the window is a child window, the top-level parent window associated 
            with the child window is activated. 
            </summary>
            <param name="hWnd">Handle to the window to bring to the top of the Z order. </param>
            <returns>If the function succeeds, the return value is nonzero.
            If the function fails, the return value is zero. 
            To get extended error information, call GetLastError. 
            </returns>
        </member>
        <member name="M:ASFTBase.NativeMethods.GetWindowRect(System.IntPtr)">
            <summary>
            Get a windows rectangle in a .NET structure
            </summary>
            <param name="hwnd">The window handle to look up</param>
            <returns>The rectangle</returns>
        </member>
        <member name="T:NUnitForms.ScreenCapture.ImageFormatHandler">
            <summary>
            Supplies some helpers methods used for image processing (file selection dialog, 
            image format options selection etc.).
            Here, this is just a fragment of the actual implementation !!!
            
            </summary>
        </member>
        <member name="F:NUnitForms.ScreenCapture.ImageFormatHandler.availableDecoders">
            <summary>
            All image decoders available.
            </summary>
        </member>
        <member name="F:NUnitForms.ScreenCapture.ImageFormatHandler.availableEncoders">
            <summary>
            All image encoders available.
            </summary>
        </member>
        <member name="F:NUnitForms.ScreenCapture.ImageFormatHandler.defaultFormat">
            <summary>
            This is the default format used for saving images.
            </summary>
        </member>
        <member name="F:NUnitForms.ScreenCapture.ImageFormatHandler.encodingColorDepth">
            <summary>
            The color depth for TIFF
            </summary>
        </member>
        <member name="F:NUnitForms.ScreenCapture.ImageFormatHandler.encodingCompression">
            <summary>
            The TIFF compression type
            </summary>
        </member>
        <member name="F:NUnitForms.ScreenCapture.ImageFormatHandler.encodingQuality">
            <summary>
            The quality for JPEG compresseion (0...100)
            </summary>
        </member>
        <member name="F:NUnitForms.ScreenCapture.ImageFormatHandler.encodingRenderMethod">
            <summary>
            The rendering method for ????
            </summary>
        </member>
        <member name="F:NUnitForms.ScreenCapture.ImageFormatHandler.encodingScanMethod">
            <summary>
            The scanning method for GIF
            </summary>
        </member>
        <member name="M:NUnitForms.ScreenCapture.ImageFormatHandler.#ctor">
            <summary>
            Creator
            </summary>
        </member>
        <member name="M:NUnitForms.ScreenCapture.ImageFormatHandler.GetImageFormat(NUnitForms.ScreenCapture.ImageFormatHandler.ImageFormatTypes)">
            <summary>
            Get the image format associated with that enum, if it does not exist, then return a 'null'.
            </summary>
            <param name="type">The image format enum type</param>
            <returns>The windows image format type</returns>
        </member>
        <member name="M:NUnitForms.ScreenCapture.ImageFormatHandler.GetMimeType(NUnitForms.ScreenCapture.ImageFormatHandler.ImageFormatTypes)">
            <summary>
            Get the MIME name of the image format associated with that enum, 
            if it does not exist, then return a 'null'.
            </summary>
            <param name="type">The image format enum type</param>
            <returns>The MIME name of the desired image format type or 'null' when none exists.</returns>
        </member>
        <member name="M:NUnitForms.ScreenCapture.ImageFormatHandler.GetImageFormat(System.Drawing.Imaging.ImageFormat)">
            <summary>
            Get the enum image format associated with that windows format, if it does not exist, then return a 'imgNone'.
            </summary>
            <param name="type">The windows image format type</param>
            <returns>The image format enum type</returns>
        </member>
        <member name="M:NUnitForms.ScreenCapture.ImageFormatHandler.GetCodecInfo(NUnitForms.ScreenCapture.ImageFormatHandler.ImageFormatTypes)">
            <summary>
            Search the codec for a given type, cycle through encoders and decoders until found. 
            If no match is found, return 'null'.
            </summary>
            <param name="type">The graphic format</param>
            <returns>The associated codec or 'null'.</returns>
        </member>
        <member name="M:NUnitForms.ScreenCapture.ImageFormatHandler.GetEncoderParameters(NUnitForms.ScreenCapture.ImageFormatHandler.ImageFormatTypes,System.Drawing.Imaging.ImageCodecInfo@)">
            <summary>
            Get the encoder parameters used for saving a graphic into a file or stream.
            </summary>
            <param name="type">The desired format type.</param>
            <param name="info">Returns the codec info.</param>
            <returns>The encoder parameters or 'null' when not supported by the requested type.</returns>
        </member>
        <member name="M:NUnitForms.ScreenCapture.ImageFormatHandler.GetDefaultFilenameExtension(NUnitForms.ScreenCapture.ImageFormatHandler.ImageFormatTypes)">
            <summary>
            Get the default filename extension for a given type
            </summary>
            <param name="type">The image type</param>
            <returns>The extension string.</returns>
        </member>
        <member name="P:NUnitForms.ScreenCapture.ImageFormatHandler.DefaultFormat">
            <summary>
            Get/Set the default image format used
            </summary>
        </member>
        <member name="T:NUnitForms.ScreenCapture.ImageFormatHandler.ImageFormatTypes">
            <summary>
            An enum which represents all supported graphic formats. These enum names are also used
            to get a description from the resources.
            </summary>
        </member>
        <member name="F:NUnitForms.ScreenCapture.ImageFormatHandler.ImageFormatTypes.imgNone">
            <summary>
            Undefined format
            </summary>
        </member>
        <member name="F:NUnitForms.ScreenCapture.ImageFormatHandler.ImageFormatTypes.imgBMP">
            <summary>
            Windows bitmap
            </summary>
        </member>
        <member name="F:NUnitForms.ScreenCapture.ImageFormatHandler.ImageFormatTypes.imgEMF">
            <summary>
            Enhanced Windows metafile
            </summary>
        </member>
        <member name="F:NUnitForms.ScreenCapture.ImageFormatHandler.ImageFormatTypes.imgEXIF">
            <summary>
            Exchangeable Image File
            </summary>
        </member>
        <member name="F:NUnitForms.ScreenCapture.ImageFormatHandler.ImageFormatTypes.imgGIF">
            <summary>
            Graphics Interchange Format
            </summary>
        </member>
        <member name="F:NUnitForms.ScreenCapture.ImageFormatHandler.ImageFormatTypes.imgICON">
            <summary>
            Windows icon
            </summary>
        </member>
        <member name="F:NUnitForms.ScreenCapture.ImageFormatHandler.ImageFormatTypes.imgJPEG">
            <summary>
            Joint Photographic Experts Group
            </summary>
        </member>
        <member name="F:NUnitForms.ScreenCapture.ImageFormatHandler.ImageFormatTypes.imgPNG">
            <summary>
            Portable Network Graphics
            </summary>
        </member>
        <member name="F:NUnitForms.ScreenCapture.ImageFormatHandler.ImageFormatTypes.imgTIFF">
            <summary>
            Tag Image File
            </summary>
        </member>
        <member name="F:NUnitForms.ScreenCapture.ImageFormatHandler.ImageFormatTypes.imgWMF">
            <summary>
            Windows metafile
            </summary>
        </member>
        <member name="M:NUnitForms.ScreenCapture.Program.Main">
            <summary>
            The main entry point for the application.
            </summary>
        </member>
        <member name="T:NUnitForms.ScreenCapture.CaptureHandleDelegateHandler">
            <summary>
             This delegate defines a method that takes a window handle
             and generates a bitmap.
            </summary>
            <param name="handle">The window handle of the window to capture.</param>
        </member>
        <member name="T:NUnitForms.ScreenCapture.ScreenCapture">
            <summary>
            This class implements the capturing of a screen (form, complete desktop etc.).
            The captured image(s) can be saved into a file in different formats, 
            and it can be printed.
            </summary>
        </member>
        <member name="F:NUnitForms.ScreenCapture.ScreenCapture.doc">
            <summary>
            Used for printing the captured object
            </summary>
        </member>
        <member name="F:NUnitForms.ScreenCapture.ScreenCapture.formatHandler">
            <summary>
            Handler for the different graphic formats
            </summary>
        </member>
        <member name="F:NUnitForms.ScreenCapture.ScreenCapture.image">
            <summary>
            The actual image used in printing
            </summary>
        </member>
        <member name="F:NUnitForms.ScreenCapture.ScreenCapture.images">
            <summary>
            These are all captured images.
            </summary>
        </member>
        <member name="F:NUnitForms.ScreenCapture.ScreenCapture.lastCapture">
            <summary>
            The reference to the file path of the last captured screen shot.
            </summary>
        </member>
        <member name="M:NUnitForms.ScreenCapture.ScreenCapture.#ctor">
            <summary>
            Creator
            </summary>
        </member>
        <member name="M:NUnitForms.ScreenCapture.ScreenCapture.#ctor(NUnitForms.ScreenCapture.ImageFormatHandler)">
            <summary>
            Creator, set format handler
            </summary>
            <param name="formatHandler">The format handler instance</param>
        </member>
        <member name="M:NUnitForms.ScreenCapture.ScreenCapture.Capture(System.Windows.Forms.Form,System.String)">
            <summary>
            Capture a screen shot of a <see cref="T:System.Windows.Forms.Form"/>.
            </summary>
            <returns>
            A <see cref="T:System.Drawing.Bitmap"/> screen shot of <paramref name="form"/>
            </returns>        
        </member>
        <member name="M:NUnitForms.ScreenCapture.ScreenCapture.GenerateUniqueName(System.String,System.String)">
            <summary>
            Generate a unique name for a <c>PNG</c> file.
            </summary>
            <param name="formName">
            The name of the form which is captured.
            </param>
            <param name="path">
            The path where the capture of the form will be stored.
            </param>
            <returns>
            A unique <c>PNG</c> file name : <c>path + formName + number + .png</c>
            </returns>
        </member>
        <member name="M:NUnitForms.ScreenCapture.ScreenCapture.Capture(System.Windows.Forms.Form,System.String,NUnitForms.ScreenCapture.ImageFormatHandler.ImageFormatTypes)">
            <summary>
            Capture a specific form and save it into a file.
            </summary>
            <param name="window">This is the desired window which should be captured.</param>
            <param name="filename">The name of the target file. The extension in there is ignored, 
            it will replaced by an extension derived from the desired file format.</param>
            <param name="format">The format of the file.</param>
            <returns>The image which has been captured.</returns>
        </member>
        <member name="M:NUnitForms.ScreenCapture.ScreenCapture.Capture(System.Windows.Forms.Form,System.String,NUnitForms.ScreenCapture.ImageFormatHandler.ImageFormatTypes,System.Boolean)">
            <summary>
            Capture a specific form and save it into a file.
            </summary>
            <param name="window">This is the desired window which should be captured.</param>
            <param name="filename">The name of the target file. The extension in there is ignored, 
            it will replaced by an extension derived from the desired file format.</param>
            <param name="format">The format of the file.</param>
            <param name="onlyClient">When set to 'true' then only the client area of the form is captured,
            otherwise the complete window with title bar, frame etc. is captured.</param>
            <returns>The image which has been captured.</returns>
        </member>
        <member name="M:NUnitForms.ScreenCapture.ScreenCapture.Capture(System.IntPtr,System.String,NUnitForms.ScreenCapture.ImageFormatHandler.ImageFormatTypes)">
            <summary>
            Execute the capturing of window specified by it's windows handle.
            </summary>
            <param name="handle">The handle of the window to capture</param>
            <param name="filename">The name of the target file. The extension in there is ignored, 
            it will replaced by an extension derived from the desired file format.</param>
            <param name="format">The format of the file.</param>
            <returns>The image which has been captured.</returns>
            <remarks>
            This call uses the <i>Win32 API</i> and should therefore not be used in your
            code if you don't want to depend on <i>Win32</i>. <c>internal</c> Takes care
            of this issue.
            </remarks>
        </member>
        <member name="M:NUnitForms.ScreenCapture.ScreenCapture.CaptureControl(System.Windows.Forms.Control,System.String,NUnitForms.ScreenCapture.ImageFormatHandler.ImageFormatTypes)">
            <summary>
            Capture a specific control in the client area of a form.
            </summary>
            <param name="window">This is a control which should be captured.</param>
            <param name="filename">The name of the target file. The extension in there is ignored, 
            it will replaced by an extension derived from the desired file format.</param>
            <param name="format">The format of the file.</param>
            <returns>The image which has been captured.</returns>
        </member>
        <member name="M:NUnitForms.ScreenCapture.ScreenCapture.CaptureControl(System.Windows.Forms.Control)">
            <summary>
            Capture a specific control in the client area of a form.
            </summary>
            <param name="window">This is a control which should be captured.</param>
            <returns>The image which has been captured.</returns>
        </member>
        <member name="M:NUnitForms.ScreenCapture.ScreenCapture.Capture(System.Windows.Forms.Form,System.Boolean)">
            <summary>
            Capture a specific form.
            </summary>
            <param name="window">This is the desired window which should be captured.</param>
            <param name="onlyClient">When set to 'true' then only the client area of the form is captured,
            otherwise the complete window with title bar, frame etc. is captured.</param>
            <returns>The image which has been captured.</returns>
        </member>
        <member name="M:NUnitForms.ScreenCapture.ScreenCapture.Capture(System.Windows.Forms.Form)">
            <summary>
            Capture a specific form.
            </summary>
            <param name="window">This is the desired window which should be captured.</param>
            <returns>The image which has been captured.</returns>
        </member>
        <member name="M:NUnitForms.ScreenCapture.ScreenCapture.capture(System.Windows.Forms.Control,System.Drawing.Rectangle)">
            <summary>
            Execute the capturing of a specified rectangle in a given window.
            </summary>
            <param name="window">The window to capture</param>
            <param name="rc">The rectangle used for capturing</param>
            <returns>The image which has been captured.</returns>
        </member>
        <member name="M:NUnitForms.ScreenCapture.ScreenCapture.Capture(System.IntPtr)">
            <summary>
            Execute the capturing of a window specified by it's windows handle.
            The image which has been captured is saved to the 'images[0]' attribute in this class.
            This method uses old API calls !!!!!!!
            </summary>
            <param name="handle">The handle of the window to capture</param>
            <returns>The image which has been captured.</returns>
            <remarks>
            This call uses the <i>Win32 API</i> and should therefore not be used in your
            code if you don't want to depend on <i>Win32</i>. <c>internal</c> Takes care
            of this issue.
            </remarks>
        </member>
        <member name="M:NUnitForms.ScreenCapture.ScreenCapture.CaptureHandle(System.IntPtr)">
            <summary>
            Execute the capturing of a window specified by it's windows handle.
            This method uses old API calls !!!!!!!
            </summary>
            <param name="handle">The handle of the window to capture</param>
            <returns>The image which has been captured.</returns>
        </member>
        <member name="M:NUnitForms.ScreenCapture.ScreenCapture.Capture(NUnitForms.ScreenCapture.ScreenCapture.CaptureType,System.String,NUnitForms.ScreenCapture.ImageFormatHandler.ImageFormatTypes)">
            <summary>
            Capture the screen and save it into a file, which portion of the screen is captured
            is defined by <paramref name="typeOfCapture"/>.
            </summary>
            <param name="typeOfCapture">Selects, what is actually captured, see <see cref="T:NUnitForms.ScreenCapture.ScreenCapture.CaptureType"/>.</param>
            <param name="filename">The name of the target file. The extension in there is ignored, 
            it will replaced by an extension derived from the desired file format.</param>
            <param name="format">The format of the file.</param>
            <returns>An array of images captured.</returns>
        </member>
        <member name="M:NUnitForms.ScreenCapture.ScreenCapture.Capture(NUnitForms.ScreenCapture.ScreenCapture.CaptureType)">
            <summary>
            Capture the screen, which portion of the screen is captured
            is defined by <paramref name="typeOfCapture"/>.
            </summary>
            <param name="typeOfCapture">Selects, what is actually captured, see <see cref="T:NUnitForms.ScreenCapture.ScreenCapture.CaptureType"/>.</param>
            <returns>An array of images captured.</returns>
        </member>
        <member name="M:NUnitForms.ScreenCapture.ScreenCapture.Print">
            <summary>
            Print all captured screens.
            </summary>
        </member>
        <member name="M:NUnitForms.ScreenCapture.ScreenCapture.printPage(System.Object,System.Drawing.Printing.PrintPageEventArgs)">
            <summary>
            Event handler called from printing.
            </summary>
            <param name="sender"></param>
            <param name="e"></param>
        </member>
        <member name="M:NUnitForms.ScreenCapture.ScreenCapture.Save(System.String,NUnitForms.ScreenCapture.ImageFormatHandler.ImageFormatTypes)">
            <summary>
            Save all captured screens into a file.
            </summary>
            <param name="filename">The name of the target file. The extension in there is ignored, 
            it will replaced by an extension derived from the desired file format.</param>
            <param name="format">The format of the file.</param>
            <returns>An array of images captured.</returns>
        </member>
        <member name="P:NUnitForms.ScreenCapture.ScreenCapture.FormatHandler">
            <summary>
            Define a format handler
            </summary>
        </member>
        <member name="P:NUnitForms.ScreenCapture.ScreenCapture.LastCapture">
            <summary>
            Gets the file path of the last captured screen shot.
            </summary>
            <value>
            The path and file name of the last captured screen shot.
            </value>
            <exception cref="T:System.ArgumentException">
            This exception is thrown if the value is not effective.
            </exception>
        </member>
        <member name="T:NUnitForms.ScreenCapture.ScreenCapture.CaptureType">
            <summary>
            Define the type of screen capture.
            </summary>
        </member>
        <member name="F:NUnitForms.ScreenCapture.ScreenCapture.CaptureType.VirtualScreen">
            <summary>
            Capture the complete virtual screen (on multi monitor applications all screens).
            </summary>
        </member>
        <member name="F:NUnitForms.ScreenCapture.ScreenCapture.CaptureType.PrimaryScreen">
            <summary>
            Capture the complete primary screen, including the taskbar.
            </summary>
        </member>
        <member name="F:NUnitForms.ScreenCapture.ScreenCapture.CaptureType.WorkingArea">
            <summary>
            Capture only the working area of the primary screen, this excludes the taskbar.
            </summary>
        </member>
        <member name="F:NUnitForms.ScreenCapture.ScreenCapture.CaptureType.AllScreens">
            <summary>
            On a multi monitor system capture all screens in different images.
            </summary>
        </member>
    </members>
</doc>
